{
  "totalWeightsF": 13508.078865212212,
  "totalWeightsO": 1908.9486859870474,
  "veFlowPerWeightFLOW": 259.1042023757843,
  "veFlowPerWeightOTHER": 785.7728240737938
}